matching,4035183,1,Match the following table movement keys terms to their meanings.,[Tab],Move to the next cell
matching,4035183,1,Match the following table movement keys terms to their meanings.,[Enter],Create another line within a cell
matching,4035183,1,Match the following table movement keys terms to their meanings.,[Shift] + [Tab],Move to the previous cell
matching,4035183,1,Match the following table movement keys terms to their meanings.,[Ctrl] + [Tab],Move to a tabbed location within a cell
matching,4035191,1,Match the following five arithmetic operators to their meanings.,*,used to perform multiplication
matching,4035191,1,Match the following five arithmetic operators to their meanings.,+,used for addition
matching,4035191,1,Match the following five arithmetic operators to their meanings.,^,used to represent exponentiation
matching,4035191,1,Match the following five arithmetic operators to their meanings.,/,used to perform division
matching,4035191,1,Match the following five arithmetic operators to their meanings.,-,used for subtraction
matching,4035215,1,Match the&nbsp;button/tool to their location.,Blank Report tool,creates a report from scratch
matching,4035215,1,Match the&nbsp;button/tool to their location.,Data & Time button,found on the Format tab
matching,4035215,1,Match the&nbsp;button/tool to their location.,Reports group,found on the Create tab
matching,4035215,1,Match the&nbsp;button/tool to their location.,Title button,found in the Controls group
matching,4035215,1,Match the&nbsp;button/tool to their location.,Center button,found in Font group on the Format tab
matching,4035158,1,Match each Windows XP term with its correct definition.,Thumbnail,"A miniature representation of the contents of a picture file, used in one of the file views in My Computer."
matching,4035158,1,Match each Windows XP term with its correct definition.,Title bar,"The area at the top of a window that displays the file name and also contains the Minimize, Maximize/Restore Down, and Close buttons."
matching,4035158,1,Match each Windows XP term with its correct definition.,Wildcard,The term given to an asterisk (*) or other character used to substitute for several characters in a file search.
matching,4035158,1,Match each Windows XP term with its correct definition.,Window,"A box that displays information and usually consists of a title bar, menu bar, status bar, and toolbars, and that always has a Minimize button."
matching,4035158,1,Match each Windows XP term with its correct definition.,Taskbar,"A bar that contains the Start button, buttons representing open programs, and other buttons that will activate programs."
matching,4035163,1,Match CC terms with their definitions.,Software,Computer programs
matching,4035163,1,Match CC terms with their definitions.,Spyware,This type of program threatens a user's privacy
matching,4035163,1,Match CC terms with their definitions.,Motherboard/system board,The unit that contains the circuitry that enables a computer system to operate
matching,4035163,1,Match CC terms with their definitions.,Server,"Used to manage network resources, this type of computer can be dedicated to a specific task"
matching,4035163,1,Match CC terms with their definitions.,Application software,Programs that enable you to accomplish tasks and use the computer in a productive manner
matching,4035173,1,Match the following Word screen elements to their descriptions.,Office button,"displays a list of commands related to actions such as opening, saving, printing, or sharing"
matching,4035173,1,Match the following Word screen elements to their descriptions.,Word document window,displays the active document
matching,4035173,1,Match the following Word screen elements to their descriptions.,Quick Access Toolbar,displays buttons of frequently-used commands
matching,4035173,1,Match the following Word screen elements to their descriptions.,View button,controls the look of the document window
matching,4035173,1,Match the following Word screen elements to their descriptions.,Ribbon,"organizes commands on tabs, by grouping the commands by topic for performing related document tasks"
