MC, ,2,"____ takes an iterative approach to the systems development process. During each iteration, requirements and alternative solutions to the problem are identified and analyzed, new solutions are designed, and a portion of the system is implemented.",C ,Data modeling ,Data conversion,Prototyping,Requirements analysis,Systems analysis
ES,,20,What is the purpose of a developer?,,,,,,
"TF	",,1,Is the sky blue?,1,,,,,
MR,,3,Who is the provost?,"1,2",April,Mason,Ken,Stafford,Kirk
FB,,4,What color is the sky?,,blue,grey,orange,pink,
